Work Item Type,Title 1,Title 2,Title 3,Description,Acceptance Criteria,Story Points,Priority,Tags
Epic,E01 - Product Foundation & Design System,,,"<p>Create a consistent, bilingual, accessible foundation shared by web, mobile and authentication experiences.</p>",,,1,HerdCommand;R0;Epic
Feature,,F01 - Design System Foundations,,"<p>Define reusable tokens, components and interaction rules derived from the HerdCommand visual direction.</p>",,,2,HerdCommand;R0;Feature
User Story,,,US001 - Define design tokens and semantic roles,"<p><strong>As a</strong> Product designer, <strong>I want</strong> a governed set of color, spacing, radius, typography and elevation tokens, <strong>so that</strong> all product surfaces remain visually consistent.</p>","<ul><li>Tokens cover color, typography, spacing, radius, elevation, border and motion.</li><li>Semantic tokens are separated from raw palette values.</li><li>Tokens include web and mobile mappings.</li><li>Token names are documented and versioned.</li><li>Where UI is present, Arabic is supported as the default RTL experience and English is supported as LTR.</li></ul>",3,1,HerdCommand;R0;Design-System;UI
User Story,,,US002 - Build reusable core component library,"<p><strong>As a</strong> Frontend developer, <strong>I want</strong> reusable buttons, inputs, cards, badges, tables and overlays, <strong>so that</strong> screens can be delivered consistently and faster.</p>","<ul><li>Components include states: default, hover/pressed, focus, disabled, loading and error where applicable.</li><li>Component variants use design tokens rather than hard-coded values.</li><li>Components meet keyboard and touch interaction requirements.</li><li>Examples are documented for web and mobile.</li><li>Where UI is present, Arabic is supported as the default RTL experience and English is supported as LTR.</li></ul>",8,1,HerdCommand;R0;Design-System;Web;Mobile;UI
User Story,,,US003 - Define responsive layout system,"<p><strong>As a</strong> Product designer, <strong>I want</strong> documented grid and breakpoint rules, <strong>so that</strong> web screens adapt predictably across supported viewport sizes.</p>","<ul><li>Desktop, tablet and mobile breakpoints are defined.</li><li>Page max-width, gutters and column behavior are documented.</li><li>Tables define responsive behavior for narrow screens.</li><li>No critical action becomes unreachable at supported sizes.</li><li>Where UI is present, Arabic is supported as the default RTL experience and English is supported as LTR.</li></ul>",5,2,HerdCommand;R0;Design-System;Web;Responsive;UI
User Story,,,US004 - Define accessibility baseline,"<p><strong>As a</strong> Product owner, <strong>I want</strong> an accessibility standard for the product, <strong>so that</strong> users can operate the product with fewer barriers.</p>","<ul><li>Target WCAG 2.2 AA for core workflows.</li><li>Visible focus styles are defined.</li><li>Minimum touch target is 44x44 CSS pixels for primary interactive controls.</li><li>Color is not the only carrier of status meaning.</li><li>Form errors are programmatically associated with fields.</li><li>Where UI is present, Arabic is supported as the default RTL experience and English is supported as LTR.</li></ul>",5,1,HerdCommand;R0;Design-System;Accessibility;UI
Feature,,F02 - Localization & RTL Foundation,,<p>Make Arabic the default experience while supporting complete English LTR behavior.</p>,,,2,HerdCommand;R0;Feature
User Story,,,US005 - Set Arabic as default product locale,"<p><strong>As a</strong> Farm user, <strong>I want</strong> the application to open in Arabic by default, <strong>so that</strong> I can use the product immediately in my preferred default language.</p>","<ul><li>New unauthenticated sessions default to Arabic unless an explicit saved preference exists.</li><li>Arabic pages render with RTL direction.</li><li>Locale preference persists after sign-in.</li><li>English remains selectable from supported language controls.</li><li>Where UI is present, Arabic is supported as the default RTL experience and English is supported as LTR.</li></ul>",3,1,HerdCommand;R0;Arabic;RTL;Web;Mobile;UI
User Story,,,US006 - Support complete English LTR experience,"<p><strong>As a</strong> Farm user, <strong>I want</strong> to switch the product to English, <strong>so that</strong> I can work in English without layout defects.</p>","<ul><li>Language can be switched without losing the current task where technically feasible.</li><li>English pages render LTR.</li><li>Navigation, forms, tables, dialogs and charts remain usable after switching.</li><li>Preference persists per user.</li><li>Where UI is present, Arabic is supported as the default RTL experience and English is supported as LTR.</li></ul>",5,1,HerdCommand;R0;English;LTR;Web;Mobile;UI
User Story,,,US007 - Localize validation and system messages,"<p><strong>As a</strong> Farm user, <strong>I want</strong> validation, success and error messages in my selected language, <strong>so that</strong> I understand what happened and what action to take.</p>","<ul><li>Required-field, format, authorization and server error messages are localized.</li><li>No raw backend exception is shown to end users.</li><li>Fallback behavior is defined for missing translations.</li><li>Arabic and English copy is reviewed for terminology consistency.</li><li>Where UI is present, Arabic is supported as the default RTL experience and English is supported as LTR.</li></ul>",5,2,HerdCommand;R0;Localization;Web;Mobile;Keycloak;UI
User Story,,,US008 - Define RTL interaction rules,"<p><strong>As a</strong> Frontend developer, <strong>I want</strong> explicit RTL behavior for components and data, <strong>so that</strong> Arabic screens behave naturally rather than being mechanically mirrored.</p>","<ul><li>Navigation order, alignment and directional icons have documented RTL rules.</li><li>Numbers, IDs, QR/RFID values, email addresses and technical codes preserve readable direction.</li><li>Charts and timelines define RTL behavior.</li><li>Directional icons are mirrored only where meaning requires it.</li><li>Where UI is present, Arabic is supported as the default RTL experience and English is supported as LTR.</li></ul>",5,2,HerdCommand;R0;RTL;Design-System;UI
Feature,,F03 - Engineering Foundation,,"<p>Establish code, API, environment and delivery conventions for the product.</p>",,,2,HerdCommand;R0;Feature
User Story,,,US009 - Create solution repository structure,"<p><strong>As a</strong> Developer, <strong>I want</strong> a clear repository structure for web, mobile, backend and authentication theme, <strong>so that</strong> the codebase is maintainable from the first release.</p>","<ul><li>Repositories or monorepo boundaries are documented.</li><li>Shared linting, formatting and commit conventions are configured.</li><li>Secrets are excluded from source control.</li><li>README includes local startup instructions.</li></ul>",3,1,HerdCommand;R0;Engineering;DevEx
User Story,,,US010 - Establish API contract standard,"<p><strong>As a</strong> Developer, <strong>I want</strong> a consistent REST/OpenAPI contract, <strong>so that</strong> web and mobile can integrate predictably with Spring Boot.</p>","<ul><li>OpenAPI is generated and versioned.</li><li>Error response shape is standardized.</li><li>Pagination, sorting and filtering conventions are documented.</li><li>Date/time and identifier formats are standardized.</li></ul>",5,1,HerdCommand;R0;Backend;API;Spring-Boot
User Story,,,US011 - Create CI quality gates,"<p><strong>As a</strong> Developer, <strong>I want</strong> automated checks on every pull request, <strong>so that</strong> defects are caught before merge.</p>","<ul><li>Build, lint and automated test jobs run for affected applications.</li><li>Failed quality gates block merge.</li><li>Artifacts are versioned.</li><li>Pipeline does not expose secrets in logs.</li></ul>",5,1,HerdCommand;R0;DevOps;CI-CD
User Story,,,US012 - Define environment configuration strategy,"<p><strong>As a</strong> Developer, <strong>I want</strong> separate local, dev, test and production configuration, <strong>so that</strong> deployments are repeatable and safe.</p>",<ul><li>Environment-specific values are externalized.</li><li>Secrets are stored outside source control.</li><li>Local development has documented defaults.</li><li>Production configuration changes are auditable.</li></ul>,3,2,HerdCommand;R0;DevOps;Security;Configuration
Epic,"E02 - Identity, Access & Onboarding",,,"<p>Provide secure authentication, authorization, user setup and first-run experience using Keycloak.</p>",,,1,HerdCommand;R0;Epic
Feature,,F04 - Branded Keycloak Authentication,,<p>Deliver a branded OIDC login experience aligned with the HerdCommand UI.</p>,,,2,HerdCommand;R0;Feature
User Story,,,US013 - Implement HerdCommand Keycloak login theme,"<p><strong>As a</strong> Farm user, <strong>I want</strong> the authentication screen to match the HerdCommand visual design, <strong>so that</strong> login feels like part of the product.</p>","<ul><li>Login theme uses HerdCommand logo, colors, typography and spacing.</li><li>Arabic is default and RTL is correct; English LTR is supported.</li><li>Username/email and password fields use Keycloak-managed authentication.</li><li>Validation, loading and disabled states are styled consistently.</li><li>Where UI is present, Arabic is supported as the default RTL experience and English is supported as LTR.</li></ul>",8,1,HerdCommand;R0;Keycloak;Authentication;UI;Arabic;RTL
User Story,,,US014 - Implement OIDC authorization code flow with PKCE,"<p><strong>As a</strong> Developer, <strong>I want</strong> web and mobile clients to use a secure standard login flow, <strong>so that</strong> credentials are not handled directly by application code.</p>",<ul><li>Authorization Code + PKCE is used for public clients.</li><li>Access token is used for protected API calls.</li><li>ID token is used only for authenticated identity context.</li><li>Token refresh and logout behavior are implemented safely.</li></ul>,8,1,HerdCommand;R0;Keycloak;OIDC;OAuth2;Security
User Story,,,US015 - Support forgot password flow,"<p><strong>As a</strong> Farm user, <strong>I want</strong> to reset a forgotten password, <strong>so that</strong> I can regain access without administrator intervention.</p>","<ul><li>Forgot password is available from login when enabled.</li><li>Reset flow is completed through Keycloak.</li><li>Success and failure messages are localized.</li><li>Expired or reused reset links are handled safely.</li><li>Where UI is present, Arabic is supported as the default RTL experience and English is supported as LTR.</li></ul>",5,2,HerdCommand;R0;Keycloak;Authentication;UI
User Story,,,US016 - Handle session expiration and logout,"<p><strong>As a</strong> Farm user, <strong>I want</strong> clear session behavior, <strong>so that</strong> I know when I need to sign in again.</p>","<ul><li>Logout terminates the intended application session.</li><li>Expired sessions redirect to authentication without exposing protected content.</li><li>Unsaved-work behavior is defined for interactive forms.</li><li>Session messages are localized.</li><li>Where UI is present, Arabic is supported as the default RTL experience and English is supported as LTR.</li></ul>",5,1,HerdCommand;R0;Keycloak;Session;Security;UI
Feature,,F05 - Roles & Permissions,,<p>Control access according to each team member’s responsibilities.</p>,,,2,HerdCommand;R1;Feature
User Story,,,US017 - Define standard application roles,"<p><strong>As a</strong> Farm administrator, <strong>I want</strong> standard roles for owner, manager, veterinarian, worker, accountant and administrator, <strong>so that</strong> permissions are understandable and manageable.</p>",<ul><li>A permission matrix is documented for standard roles.</li><li>Backend authorization enforces protected operations.</li><li>UI hides or disables actions the user cannot perform without relying on UI as the security boundary.</li><li>Role changes take effect according to the documented session policy.</li></ul>,8,1,HerdCommand;R1;RBAC;Security;Admin
User Story,,,US018 - Invite a team member,"<p><strong>As a</strong> Farm administrator, <strong>I want</strong> to invite a new team member, <strong>so that</strong> they can join the farm with the correct role.</p>","<ul><li>Admin enters invitee identity and role.</li><li>Invitation has an expiry policy.</li><li>User joins only the intended farm context.</li><li>Duplicate or invalid invitations are handled.</li><li>Where UI is present, Arabic is supported as the default RTL experience and English is supported as LTR.</li></ul>",5,2,HerdCommand;R1;Team;RBAC;Web;UI
User Story,,,US019 - Change team member role,"<p><strong>As a</strong> Farm administrator, <strong>I want</strong> to change a member’s role, <strong>so that</strong> access can evolve with responsibilities.</p>",<ul><li>Admin can view current role and choose an allowed new role.</li><li>Change is audited.</li><li>Unauthorized role escalation is prevented.</li><li>Affected user permissions update according to session policy.</li></ul>,5,2,HerdCommand;R1;Team;RBAC;Audit
User Story,,,US020 - Deactivate a team member,"<p><strong>As a</strong> Farm administrator, <strong>I want</strong> to deactivate a member without deleting historical data, <strong>so that</strong> former staff cannot access farm data.</p>",<ul><li>Deactivated user cannot establish a new authorized session for the farm.</li><li>Historical records retain the user reference.</li><li>Action requires confirmation.</li><li>Deactivation is audited.</li></ul>,5,1,HerdCommand;R1;Team;RBAC;Audit;Security
Feature,,F06 - First-Time Onboarding,,<p>Guide a new customer from first login to a usable farm workspace.</p>,,,2,HerdCommand;R1;Feature
User Story,,,US021 - Show first-time onboarding flow,"<p><strong>As a</strong> Farm owner, <strong>I want</strong> a guided first-run experience, <strong>so that</strong> I understand the minimum setup needed to start.</p>","<ul><li>First login opens onboarding until mandatory setup is complete.</li><li>Progress can be resumed after interruption.</li><li>Steps are available in Arabic and English.</li><li>User can access help text without leaving the flow.</li><li>Where UI is present, Arabic is supported as the default RTL experience and English is supported as LTR.</li></ul>",5,2,HerdCommand;R1;Onboarding;Web;Mobile;UI
User Story,,,US022 - Create farm during onboarding,"<p><strong>As a</strong> Farm owner, <strong>I want</strong> to create the initial farm profile, <strong>so that</strong> I can start managing livestock.</p>","<ul><li>Required farm fields are validated.</li><li>Farm is associated with the authenticated owner.</li><li>Default locale and currency settings are stored.</li><li>Successful creation routes to the next onboarding step.</li><li>Where UI is present, Arabic is supported as the default RTL experience and English is supported as LTR.</li></ul>",5,1,HerdCommand;R1;Onboarding;Farm;Backend;UI
User Story,,,US023 - Complete onboarding checklist,"<p><strong>As a</strong> Farm owner, <strong>I want</strong> to see what remains before setup is complete, <strong>so that</strong> I can finish configuration confidently.</p>","<ul><li>Checklist shows completed and pending setup items.</li><li>Completion criteria are deterministic.</li><li>Completed onboarding does not reopen unless explicitly launched from help/settings.</li><li>Completion event is auditable.</li><li>Where UI is present, Arabic is supported as the default RTL experience and English is supported as LTR.</li></ul>",3,3,HerdCommand;R1;Onboarding;UI
Epic,E03 - Farm & Organization Management,,,"<p>Maintain farm identity, locations, operating settings and reference data.</p>",,,1,HerdCommand;R1;Epic
Feature,,F07 - Farm Profile & Settings,,<p>Maintain the business and operational identity of the farm.</p>,,,2,HerdCommand;R1;Feature
User Story,,,US024 - View farm profile,"<p><strong>As a</strong> Farm manager, <strong>I want</strong> to view the farm profile and operating settings, <strong>so that</strong> I can confirm the active configuration.</p>","<ul><li>Profile shows name, contact details, locale, timezone and configured currency.</li><li>Sensitive settings respect permissions.</li><li>Data is presented in the selected language.</li><li>Where UI is present, Arabic is supported as the default RTL experience and English is supported as LTR.</li></ul>",3,2,HerdCommand;R1;Farm;Web;Mobile;UI
User Story,,,US025 - Update farm profile,"<p><strong>As a</strong> Farm administrator, <strong>I want</strong> to update farm information, <strong>so that</strong> records and reports use current details.</p>","<ul><li>Authorized user can edit supported profile fields.</li><li>Validation prevents invalid mandatory values.</li><li>Changes are audited.</li><li>Updated values are reflected in subsequent reports and communications.</li><li>Where UI is present, Arabic is supported as the default RTL experience and English is supported as LTR.</li></ul>",5,2,HerdCommand;R1;Farm;Admin;Audit;UI
User Story,,,US026 - Configure farm timezone and locale,"<p><strong>As a</strong> Farm administrator, <strong>I want</strong> to configure timezone and locale settings, <strong>so that</strong> dates and times are interpreted correctly.</p>",<ul><li>Timezone is selected from supported IANA zones.</li><li>Stored timestamps remain unambiguous.</li><li>Displayed dates/times respect user/farm context rules.</li><li>Locale change does not corrupt stored data.</li></ul>,5,2,HerdCommand;R1;Farm;Localization;Configuration
Feature,,"F08 - Locations, Pens & Areas",,<p>Model physical areas used to organize animals and operations.</p>,,,2,HerdCommand;R1;Feature
User Story,,,US027 - Create farm location or pen,"<p><strong>As a</strong> Farm manager, <strong>I want</strong> to define pens, barns or grazing areas, <strong>so that</strong> animals and tasks can reference real locations.</p>","<ul><li>Location has unique name/code within the farm.</li><li>Type and active status are recorded.</li><li>Inactive locations cannot be newly assigned.</li><li>Creation is auditable.</li><li>Where UI is present, Arabic is supported as the default RTL experience and English is supported as LTR.</li></ul>",5,2,HerdCommand;R1;Farm;Locations;Web;UI
User Story,,,US028 - Edit and deactivate farm location,"<p><strong>As a</strong> Farm manager, <strong>I want</strong> to maintain the location list, <strong>so that</strong> obsolete areas stop being used without losing history.</p>",<ul><li>Location can be edited while preserving identity.</li><li>Deactivation requires confirmation when active animals are assigned.</li><li>Historical references remain readable.</li><li>Unauthorized users cannot change locations.</li></ul>,5,2,HerdCommand;R1;Farm;Locations;Audit
User Story,,,US029 - View animals by location,"<p><strong>As a</strong> Farm worker, <strong>I want</strong> to view animals assigned to a selected location, <strong>so that</strong> I can perform field work efficiently.</p>","<ul><li>Location view shows current assigned animals.</li><li>User can search and filter the list.</li><li>Counts match the active assignment data.</li><li>Mobile layout supports quick field use.</li><li>Where UI is present, Arabic is supported as the default RTL experience and English is supported as LTR.</li></ul>",5,3,HerdCommand;R1;Farm;Locations;Animals;Mobile;UI
Feature,,F09 - Reference Data,,<p>Manage reusable classifications used across the farm.</p>,,,2,HerdCommand;R1;Feature
User Story,,,US030 - Manage breeds,"<p><strong>As a</strong> Farm administrator, <strong>I want</strong> to manage supported animal breeds, <strong>so that</strong> animal records use consistent classifications.</p>","<ul><li>Breed can be created, edited and deactivated.</li><li>Duplicate active breed names are prevented within the farm context.</li><li>Existing animals retain historical breed references.</li><li>Breed names support Arabic and English labels where configured.</li></ul>",5,3,HerdCommand;R1;Reference-Data;Animals;Admin
User Story,,,US031 - Manage health and finance categories,"<p><strong>As a</strong> Farm administrator, <strong>I want</strong> to configure supported categories, <strong>so that</strong> records and reports remain consistent.</p>","<ul><li>Categories can be added, edited, ordered and deactivated.</li><li>System-required categories cannot be removed if needed for core behavior.</li><li>Historical records remain valid after deactivation.</li><li>Changes are audited.</li></ul>",5,3,HerdCommand;R1;Reference-Data;Health;Finance;Admin
Epic,E04 - Dashboard & Daily Operations,,,"<p>Give farm users an actionable view of herd status, pending work and key alerts.</p>",,,1,HerdCommand;R1;Epic
Feature,,F10 - Operational Dashboard,,<p>Provide a concise daily operating picture.</p>,,,2,HerdCommand;R1;Feature
User Story,,,US032 - View herd KPI summary,"<p><strong>As a</strong> Farm manager, <strong>I want</strong> to see key herd metrics at a glance, <strong>so that</strong> I can quickly understand current status.</p>","<ul><li>Dashboard shows active animal count and configured lifecycle/health KPIs.</li><li>Metrics are scoped to the user’s farm and permissions.</li><li>Data timestamp or refresh behavior is clear.</li><li>Cards are responsive on web and mobile.</li><li>Where UI is present, Arabic is supported as the default RTL experience and English is supported as LTR.</li></ul>",5,1,HerdCommand;R1;Dashboard;Analytics;Web;Mobile;UI
User Story,,,US033 - View attention-required alerts,"<p><strong>As a</strong> Farm manager, <strong>I want</strong> to see items requiring action, <strong>so that</strong> I can prioritize work.</p>","<ul><li>Dashboard surfaces overdue tasks, upcoming vaccinations, due health actions and configured operational exceptions.</li><li>Each alert links to the relevant record or action.</li><li>Resolved alerts no longer appear after data refresh.</li><li>Empty state is clear when no action is required.</li><li>Where UI is present, Arabic is supported as the default RTL experience and English is supported as LTR.</li></ul>",8,1,HerdCommand;R1;Dashboard;Alerts;Tasks;Health;UI
User Story,,,US034 - Use dashboard quick actions,"<p><strong>As a</strong> Farm worker, <strong>I want</strong> quick access to common tasks, <strong>so that</strong> I can record field activity with fewer steps.</p>","<ul><li>Quick actions include permitted high-frequency actions such as add animal, record weight, record treatment and scan.</li><li>Actions shown respect role permissions.</li><li>Mobile actions are reachable with one-handed interaction patterns where possible.</li><li>Where UI is present, Arabic is supported as the default RTL experience and English is supported as LTR.</li></ul>",5,2,HerdCommand;R1;Dashboard;Mobile;Productivity;UI
User Story,,,US035 - Filter dashboard by operational context,"<p><strong>As a</strong> Farm manager, <strong>I want</strong> to filter dashboard metrics by supported context, <strong>so that</strong> I can focus on relevant animals or groups.</p>","<ul><li>Supported filters are clearly identified.</li><li>Selected filter updates all compatible dashboard widgets consistently.</li><li>A reset action restores default scope.</li><li>Filter state does not leak across unauthorized scopes.</li><li>Where UI is present, Arabic is supported as the default RTL experience and English is supported as LTR.</li></ul>",5,3,HerdCommand;R1;Dashboard;Filters;UI
Feature,,F11 - Activity Timeline,,<p>Provide a readable history of significant farm actions.</p>,,,2,HerdCommand;R2;Feature
User Story,,,US036 - View recent farm activity,"<p><strong>As a</strong> Farm manager, <strong>I want</strong> to see recent significant events, <strong>so that</strong> I can understand what changed recently.</p>","<ul><li>Timeline includes key animal, health, breeding, inventory and team events.</li><li>Each entry shows timestamp, actor and target where available.</li><li>Entries are ordered consistently and are permission-filtered.</li><li>User can open the related record.</li><li>Where UI is present, Arabic is supported as the default RTL experience and English is supported as LTR.</li></ul>",5,3,HerdCommand;R2;Activity;Audit;Dashboard;UI
Epic,E05 - Animal Registry & Identification,,,<p>Create a reliable source of truth for each animal and its identifiers.</p>,,,1,HerdCommand;R1;Epic
Feature,,F12 - Animal Registration,,<p>Create complete animal records with validated identifiers.</p>,,,2,HerdCommand;R1;Feature
User Story,,,US037 - Register a new animal,"<p><strong>As a</strong> Farm manager, <strong>I want</strong> to create an animal record, <strong>so that</strong> the animal can be tracked throughout its lifecycle.</p>","<ul><li>Required fields include primary identifier and animal type/species configuration.</li><li>Gender, breed, birth date, origin and current location/group can be captured when applicable.</li><li>Duplicate active primary identifiers are prevented within the farm.</li><li>Created animal appears in search and list views.</li><li>Where UI is present, Arabic is supported as the default RTL experience and English is supported as LTR.</li></ul>",8,1,HerdCommand;R1;Animals;Registry;Web;Mobile;UI
User Story,,,US038 - Register animal with unknown birth date,"<p><strong>As a</strong> Farm worker, <strong>I want</strong> to record an animal when exact birth date is unavailable, <strong>so that</strong> the registry reflects real field conditions.</p>","<ul><li>User can mark birth date as estimated or unknown according to product rules.</li><li>Age presentation clearly distinguishes estimates.</li><li>Data validation does not force false precision.</li><li>Where UI is present, Arabic is supported as the default RTL experience and English is supported as LTR.</li></ul>",3,3,HerdCommand;R1;Animals;Registry;Data-Quality;UI
User Story,,,US039 - Attach animal photo,"<p><strong>As a</strong> Farm worker, <strong>I want</strong> to add a photo to an animal, <strong>so that</strong> the animal is easier to identify visually.</p>","<ul><li>User can upload/capture supported image types.</li><li>File size and type are validated.</li><li>Image is stored securely and linked to the animal.</li><li>User can replace the primary photo without deleting historical events.</li><li>Where UI is present, Arabic is supported as the default RTL experience and English is supported as LTR.</li></ul>",5,3,HerdCommand;R1;Animals;Media;S3;Mobile;UI
Feature,,F13 - Animal List & Search,,<p>Find animals quickly using identifiers and operational filters.</p>,,,2,HerdCommand;R1;Feature
User Story,,,US040 - View animal list,"<p><strong>As a</strong> Farm user, <strong>I want</strong> to view animals I am allowed to access, <strong>so that</strong> I can browse the herd.</p>","<ul><li>List shows key identity and status fields.</li><li>Pagination or incremental loading handles large herds.</li><li>Archived/deceased/sold animals are visually distinct or excluded by default according to filter rules.</li><li>Arabic/English layouts remain readable.</li><li>Where UI is present, Arabic is supported as the default RTL experience and English is supported as LTR.</li></ul>",5,1,HerdCommand;R1;Animals;Search;Web;Mobile;UI
User Story,,,US041 - Search animals by identifier,"<p><strong>As a</strong> Farm user, <strong>I want</strong> to search by tag, QR/RFID or name, <strong>so that</strong> I can find the correct animal quickly.</p>","<ul><li>Search supports configured primary and secondary identifiers.</li><li>Exact identifier matches are prioritized.</li><li>No-result state provides a clear recovery action.</li><li>Search respects farm scope and permissions.</li><li>Where UI is present, Arabic is supported as the default RTL experience and English is supported as LTR.</li></ul>",5,1,HerdCommand;R1;Animals;Search;UI
User Story,,,US042 - Filter and sort animal list,"<p><strong>As a</strong> Farm manager, <strong>I want</strong> to filter and sort the animal list, <strong>so that</strong> I can work with targeted subsets.</p>","<ul><li>Filters include supported values such as gender, breed, age/status, group and location.</li><li>Filters can be cleared individually and globally.</li><li>Sort behavior is deterministic.</li><li>Filter/sort works with pagination.</li><li>Where UI is present, Arabic is supported as the default RTL experience and English is supported as LTR.</li></ul>",8,2,HerdCommand;R1;Animals;Filters;Web;UI
Feature,,F14 - Animal Profile,,<p>Provide a single operational view of an animal.</p>,,,2,HerdCommand;R1;Feature
User Story,,,US043 - View animal profile summary,"<p><strong>As a</strong> Farm user, <strong>I want</strong> to view an animal’s current summary, <strong>so that</strong> I can make informed decisions.</p>","<ul><li>Profile shows identity, lifecycle status, group/location, latest weight and key health/breeding summary according to permissions.</li><li>Primary actions are visible and role-aware.</li><li>Missing optional information uses clear empty states.</li><li>Where UI is present, Arabic is supported as the default RTL experience and English is supported as LTR.</li></ul>",5,1,HerdCommand;R1;Animals;Profile;Web;Mobile;UI
User Story,,,US044 - Edit animal core details,"<p><strong>As a</strong> Farm manager, <strong>I want</strong> to correct or update editable animal details, <strong>so that</strong> the registry stays accurate.</p>","<ul><li>Editable fields are clearly separated from immutable/system fields.</li><li>Identifier changes follow uniqueness rules.</li><li>Changes are audited.</li><li>Validation prevents logically inconsistent values where rules are known.</li><li>Where UI is present, Arabic is supported as the default RTL experience and English is supported as LTR.</li></ul>",8,2,HerdCommand;R1;Animals;Profile;Audit;UI
User Story,,,US045 - View animal event timeline,"<p><strong>As a</strong> Farm user, <strong>I want</strong> to see an animal’s chronological history, <strong>so that</strong> I can understand its lifecycle.</p>","<ul><li>Timeline includes registration, movement, weight, breeding, health and lifecycle events.</li><li>Events link to details where applicable.</li><li>Timeline can be filtered by event category.</li><li>Historical entries are not silently altered by later master-data changes.</li><li>Where UI is present, Arabic is supported as the default RTL experience and English is supported as LTR.</li></ul>",8,2,HerdCommand;R1;Animals;Timeline;UI
Feature,,F15 - QR & RFID Identification,,<p>Connect physical animal identifiers with digital records.</p>,,,2,HerdCommand;R2;Feature
User Story,,,US046 - Assign QR code to animal,"<p><strong>As a</strong> Farm manager, <strong>I want</strong> to associate a QR identifier with an animal, <strong>so that</strong> the animal can be opened by scanning.</p>","<ul><li>QR identifier is unique within the permitted scope.</li><li>Assignment is auditable.</li><li>Existing assignment conflicts are blocked or resolved through an explicit workflow.</li><li>Generated/printed code points to a safe application route, not sensitive data.</li></ul>",5,2,HerdCommand;R2;Animals;QR;Identification;Security
User Story,,,US047 - Scan QR code on mobile,"<p><strong>As a</strong> Farm worker, <strong>I want</strong> to scan an animal QR code, <strong>so that</strong> I can open the correct animal quickly.</p>","<ul><li>Camera permission is requested only when needed.</li><li>Valid code opens the matching animal profile.</li><li>Invalid, unknown and unauthorized codes have distinct safe messages.</li><li>Scanner can be cancelled without losing navigation state.</li><li>Where UI is present, Arabic is supported as the default RTL experience and English is supported as LTR.</li></ul>",5,1,HerdCommand;R2;Animals;QR;Mobile;UI
User Story,,,US048 - Assign and scan RFID identifier,"<p><strong>As a</strong> Farm manager, <strong>I want</strong> to store and use RFID identifiers, <strong>so that</strong> RFID-enabled workflows can identify animals.</p>",<ul><li>RFID value follows configured format/uniqueness rules.</li><li>Manual entry is supported where direct device integration is unavailable.</li><li>Unknown RFID produces a clear no-match result.</li><li>Identifier changes are audited.</li></ul>,8,3,HerdCommand;R2;Animals;RFID;Identification;Mobile
Feature,,F16 - Animal Lifecycle Status,,<p>Track major lifecycle transitions without deleting history.</p>,,,2,HerdCommand;R2;Feature
User Story,,,US049 - Record animal sale or transfer out,"<p><strong>As a</strong> Farm manager, <strong>I want</strong> to mark an animal as sold or transferred out, <strong>so that</strong> active herd counts remain accurate.</p>",<ul><li>User records effective date and optional destination/reference.</li><li>Animal is removed from active operational lists by default.</li><li>Historical records remain accessible.</li><li>Transition is audited.</li></ul>,5,2,HerdCommand;R2;Animals;Lifecycle;Audit
User Story,,,US050 - Record animal death,"<p><strong>As a</strong> Farm manager, <strong>I want</strong> to record an animal death, <strong>so that</strong> herd records remain accurate.</p>","<ul><li>User records date and optional cause/notes.</li><li>Animal becomes inactive for future operational actions.</li><li>Existing historical health, weight and breeding data remains accessible.</li><li>Transition requires confirmation and is audited.</li></ul>",5,1,HerdCommand;R2;Animals;Lifecycle;Audit
Epic,"E06 - Groups, Flocks & Movement",,,<p>Organize animals into operational groups and maintain movement history.</p>,,,1,HerdCommand;R1;Epic
Feature,,F17 - Flock & Group Management,,<p>Create and manage operational animal groups.</p>,,,2,HerdCommand;R1;Feature
User Story,,,US051 - Create a flock or group,"<p><strong>As a</strong> Farm manager, <strong>I want</strong> to create an operational animal group, <strong>so that</strong> I can manage animals collectively.</p>","<ul><li>Group has name, type/status and optional location/purpose.</li><li>Active name/code uniqueness is enforced where configured.</li><li>Creation is auditable.</li><li>Where UI is present, Arabic is supported as the default RTL experience and English is supported as LTR.</li></ul>",5,2,HerdCommand;R1;Flocks;Groups;Web;UI
User Story,,,US052 - Add animals to a group,"<p><strong>As a</strong> Farm worker, <strong>I want</strong> to assign selected animals to a group, <strong>so that</strong> I can organize field operations.</p>","<ul><li>User can select one or multiple eligible animals.</li><li>Rules prevent invalid assignment when exclusivity applies.</li><li>Group counts update after assignment.</li><li>Assignment is captured in animal history.</li><li>Where UI is present, Arabic is supported as the default RTL experience and English is supported as LTR.</li></ul>",8,1,HerdCommand;R1;Flocks;Animals;Bulk-Actions;UI
User Story,,,US053 - Remove animals from a group,"<p><strong>As a</strong> Farm worker, <strong>I want</strong> to remove animals from a group, <strong>so that</strong> group membership stays current.</p>",<ul><li>User can remove one or multiple eligible animals.</li><li>Removal effective time is recorded.</li><li>Historical membership remains available.</li><li>Counts refresh consistently.</li></ul>,5,2,HerdCommand;R1;Flocks;Animals;Bulk-Actions
User Story,,,US054 - View group profile,"<p><strong>As a</strong> Farm user, <strong>I want</strong> to view group summary and members, <strong>so that</strong> I can understand group status.</p>","<ul><li>Profile shows member count, location/purpose and relevant health/weight summaries.</li><li>Member list supports search/filter.</li><li>Actions respect permissions.</li><li>Where UI is present, Arabic is supported as the default RTL experience and English is supported as LTR.</li></ul>",5,2,HerdCommand;R1;Flocks;Profile;Web;Mobile;UI
Feature,,F18 - Animal Movement,,<p>Track movement between locations and groups.</p>,,,2,HerdCommand;R2;Feature
User Story,,,US055 - Move animals between locations,"<p><strong>As a</strong> Farm worker, <strong>I want</strong> to record movement of animals, <strong>so that</strong> current location stays accurate.</p>",<ul><li>User selects source/target context and effective date/time.</li><li>Bulk movement supports multiple eligible animals.</li><li>Movement updates current location and preserves history.</li><li>Invalid target or unauthorized scope is blocked.</li></ul>,8,1,HerdCommand;R2;Animals;Movement;Locations;Bulk-Actions;Mobile
User Story,,,US056 - View animal movement history,"<p><strong>As a</strong> Farm manager, <strong>I want</strong> to review where an animal has been, <strong>so that</strong> I can investigate operational history.</p>","<ul><li>History shows from/to location/group, effective date and actor where applicable.</li><li>Entries are ordered chronologically.</li><li>Historical movements remain readable after location deactivation.</li><li>Where UI is present, Arabic is supported as the default RTL experience and English is supported as LTR.</li></ul>",5,3,HerdCommand;R2;Animals;Movement;Audit;UI
Epic,"E07 - Breeding, Pregnancy, Lambing & Pedigree",,,<p>Manage reproductive lifecycle and lineage from mating through offspring.</p>,,,1,HerdCommand;R2;Epic
Feature,,F19 - Breeding Events,,<p>Record mating and breeding activity.</p>,,,2,HerdCommand;R2;Feature
User Story,,,US057 - Record breeding event,"<p><strong>As a</strong> Farm manager, <strong>I want</strong> to record a breeding/mating event, <strong>so that</strong> reproductive history is traceable.</p>","<ul><li>Eligible female and sire can be selected according to configured rules.</li><li>Event date and breeding method can be recorded.</li><li>Duplicate accidental entries can be detected or corrected.</li><li>Event appears in both animals’ timelines when applicable.</li><li>Where UI is present, Arabic is supported as the default RTL experience and English is supported as LTR.</li></ul>",8,1,HerdCommand;R2;Breeding;Animals;UI
User Story,,,US058 - View breeding history,"<p><strong>As a</strong> Farm user, <strong>I want</strong> to view reproductive events for an animal, <strong>so that</strong> I can understand breeding status.</p>","<ul><li>History lists breeding events and linked pregnancy/lambing outcomes.</li><li>Events are ordered by date.</li><li>User can open event details.</li><li>Where UI is present, Arabic is supported as the default RTL experience and English is supported as LTR.</li></ul>",5,2,HerdCommand;R2;Breeding;History;UI
Feature,,F20 - Pregnancy Management,,<p>Track pregnancy checks and expected due dates.</p>,,,2,HerdCommand;R2;Feature
User Story,,,US059 - Record pregnancy check,"<p><strong>As a</strong> Veterinarian, <strong>I want</strong> to record pregnancy check results, <strong>so that</strong> the farm can plan upcoming births.</p>","<ul><li>Result supports pregnant, not pregnant and inconclusive where configured.</li><li>Check date, method and notes can be recorded.</li><li>Pregnant result can calculate/record expected due date.</li><li>Result is added to animal history.</li><li>Where UI is present, Arabic is supported as the default RTL experience and English is supported as LTR.</li></ul>",8,1,HerdCommand;R2;Pregnancy;Health;Veterinary;UI
User Story,,,US060 - View animals due for lambing,"<p><strong>As a</strong> Farm manager, <strong>I want</strong> to see pregnant animals approaching due date, <strong>so that</strong> I can prepare resources.</p>","<ul><li>List is based on recorded expected due dates/status.</li><li>User can filter by due window and group/location.</li><li>Overdue animals are visually identifiable.</li><li>Opening a row navigates to the relevant animal/pregnancy.</li><li>Where UI is present, Arabic is supported as the default RTL experience and English is supported as LTR.</li></ul>",5,1,HerdCommand;R2;Pregnancy;Dashboard;Alerts;UI
User Story,,,US061 - Update pregnancy outcome,"<p><strong>As a</strong> Veterinarian, <strong>I want</strong> to close a pregnancy with its actual outcome, <strong>so that</strong> pregnancy status remains accurate.</p>","<ul><li>Outcome can link to lambing, loss or other supported closure reason.</li><li>Closed pregnancy no longer appears as currently pregnant.</li><li>Outcome date is validated relative to pregnancy events.</li><li>Change is auditable.</li></ul>",5,2,HerdCommand;R2;Pregnancy;Audit
Feature,,F21 - Lambing & Birth Records,,<p>Record births and connect offspring automatically to lineage.</p>,,,2,HerdCommand;R2;Feature
User Story,,,US062 - Record lambing event,"<p><strong>As a</strong> Farm manager, <strong>I want</strong> to record a lambing event, <strong>so that</strong> birth outcomes and offspring are tracked.</p>","<ul><li>Event records dam, date/time, birth outcome and number of offspring.</li><li>User can create one or more offspring records from the event.</li><li>Offspring are linked to dam and sire when known.</li><li>Pregnancy status is closed appropriately.</li><li>Where UI is present, Arabic is supported as the default RTL experience and English is supported as LTR.</li></ul>",8,1,HerdCommand;R2;Lambing;Animals;Breeding;UI
User Story,,,US063 - Record multiple offspring in one lambing,"<p><strong>As a</strong> Farm manager, <strong>I want</strong> to create twins/triplets from one event, <strong>so that</strong> each offspring has an individual record.</p>","<ul><li>Each offspring can have gender, identifier, status and birth weight.</li><li>All offspring share the same lambing event reference.</li><li>Validation prevents duplicate identifiers.</li><li>Where UI is present, Arabic is supported as the default RTL experience and English is supported as LTR.</li></ul>",5,2,HerdCommand;R2;Lambing;Animals;UI
User Story,,,US064 - Record birth complications or loss,"<p><strong>As a</strong> Farm manager, <strong>I want</strong> to record complications and non-surviving offspring, <strong>so that</strong> reproductive and health reporting is accurate.</p>",<ul><li>Supported outcomes can be recorded without forcing creation of an active animal record.</li><li>Notes and relevant health follow-up can be captured.</li><li>Sensitive details respect role permissions.</li></ul>,5,3,HerdCommand;R2;Lambing;Health;Reporting
Feature,,F22 - Pedigree,,<p>Display lineage relationships for breeding decisions.</p>,,,2,HerdCommand;R2;Feature
User Story,,,US065 - View animal pedigree,"<p><strong>As a</strong> Farm user, <strong>I want</strong> to view parents and known ancestors, <strong>so that</strong> I can understand lineage.</p>","<ul><li>Pedigree shows known dam and sire and configurable ancestor depth.</li><li>Unknown relationships are clearly shown.</li><li>Opening a known ancestor navigates to its permitted profile.</li><li>Pedigree remains usable in RTL and LTR.</li><li>Where UI is present, Arabic is supported as the default RTL experience and English is supported as LTR.</li></ul>",8,2,HerdCommand;R2;Pedigree;Animals;UI
User Story,,,US066 - Prevent invalid parent relationships,"<p><strong>As a</strong> Farm manager, <strong>I want</strong> the system to validate parent assignments, <strong>so that</strong> lineage data remains credible.</p>","<ul><li>An animal cannot be its own ancestor.</li><li>Configured sex/age rules are validated where data is known.</li><li>Circular pedigree relationships are prevented.</li><li>Override behavior, if allowed, requires appropriate permission and audit.</li></ul>",8,1,HerdCommand;R2;Pedigree;Data-Quality;Validation
Epic,"E08 - Health, Treatment & Vaccination",,,"<p>Record health observations, treatments and preventive care with traceable history.</p>",,,1,HerdCommand;R2;Epic
Feature,,F23 - Health Events,,"<p>Capture observations, diagnoses and veterinary notes.</p>",,,2,HerdCommand;R2;Feature
User Story,,,US067 - Record health event,"<p><strong>As a</strong> Veterinarian, <strong>I want</strong> to record a health observation or diagnosis, <strong>so that</strong> the animal health history is complete.</p>","<ul><li>Event records date, category, notes and responsible user.</li><li>Relevant attachments can be added where permitted.</li><li>Event appears on animal health history.</li><li>Required clinical fields vary by configured category rather than one oversized form.</li><li>Where UI is present, Arabic is supported as the default RTL experience and English is supported as LTR.</li></ul>",8,1,HerdCommand;R2;Health;Veterinary;Animals;UI
User Story,,,US068 - View animal health history,"<p><strong>As a</strong> Farm user, <strong>I want</strong> to view chronological health records, <strong>so that</strong> I can understand current and historical issues.</p>","<ul><li>History lists health events, treatments and vaccinations according to permissions.</li><li>User can filter by health record type.</li><li>Open issues are visually distinguishable from completed events where applicable.</li><li>Where UI is present, Arabic is supported as the default RTL experience and English is supported as LTR.</li></ul>",5,1,HerdCommand;R2;Health;History;UI
Feature,,F24 - Treatments & Medication,,<p>Record treatment plans and medication administration.</p>,,,2,HerdCommand;R2;Feature
User Story,,,US069 - Record treatment,"<p><strong>As a</strong> Veterinarian, <strong>I want</strong> to record a treatment for an animal, <strong>so that</strong> medication and care are traceable.</p>","<ul><li>Treatment records medication/item, dose, route, date and notes when applicable.</li><li>Medication can reference inventory item.</li><li>Invalid or inactive items cannot be newly selected.</li><li>Treatment is included in animal health history.</li><li>Where UI is present, Arabic is supported as the default RTL experience and English is supported as LTR.</li></ul>",8,1,HerdCommand;R2;Health;Treatment;Inventory;UI
User Story,,,US070 - Record multi-day treatment plan,"<p><strong>As a</strong> Veterinarian, <strong>I want</strong> to schedule repeated treatment actions, <strong>so that</strong> farm staff can complete a treatment course.</p>",<ul><li>Plan can define frequency/duration or explicit occurrences.</li><li>Upcoming treatment actions can generate tasks/reminders.</li><li>Each administration can be completed independently.</li><li>Plan status reflects completed/missed/cancelled occurrences.</li></ul>,8,2,HerdCommand;R2;Health;Treatment;Tasks;Notifications
User Story,,,US071 - Record treatment withdrawal period,"<p><strong>As a</strong> Veterinarian, <strong>I want</strong> to record a withdrawal end date when relevant, <strong>so that</strong> operational decisions can respect medication restrictions.</p>","<ul><li>Withdrawal period can be captured from configured medication rules or entered by authorized user.</li><li>Active withdrawal is visible on the animal profile.</li><li>Relevant reports/alerts can identify active withdrawal status.</li><li>Where UI is present, Arabic is supported as the default RTL experience and English is supported as LTR.</li></ul>",5,2,HerdCommand;R2;Health;Treatment;Compliance;UI
Feature,,F25 - Vaccination,,<p>Plan and record vaccinations.</p>,,,2,HerdCommand;R2;Feature
User Story,,,US072 - Record vaccination administration,"<p><strong>As a</strong> Veterinarian, <strong>I want</strong> to record a vaccination, <strong>so that</strong> preventive care history is complete.</p>","<ul><li>Vaccination records vaccine, date, dose/batch where configured and administrator.</li><li>Inventory can be decremented when integration is enabled.</li><li>Next due date can be calculated or entered.</li><li>Record appears in health history.</li><li>Where UI is present, Arabic is supported as the default RTL experience and English is supported as LTR.</li></ul>",8,1,HerdCommand;R2;Vaccination;Health;Inventory;UI
User Story,,,US073 - View vaccination due list,"<p><strong>As a</strong> Farm manager, <strong>I want</strong> to see animals with upcoming or overdue vaccinations, <strong>so that</strong> I can plan preventive care.</p>","<ul><li>List supports due-window filtering.</li><li>Overdue items are clearly identified.</li><li>User can open the animal or vaccination action.</li><li>Completed vaccination no longer appears as due.</li><li>Where UI is present, Arabic is supported as the default RTL experience and English is supported as LTR.</li></ul>",5,1,HerdCommand;R2;Vaccination;Alerts;Dashboard;UI
User Story,,,US074 - Create vaccination campaign,"<p><strong>As a</strong> Veterinarian, <strong>I want</strong> to plan the same vaccination for a group, <strong>so that</strong> bulk preventive care is easier to manage.</p>","<ul><li>User can target a group/filter of eligible animals.</li><li>Campaign creates planned vaccination actions without duplicating existing completed records.</li><li>Progress shows planned, completed, skipped and remaining counts.</li></ul>",8,3,HerdCommand;R2;Vaccination;Bulk-Actions;Flocks
Epic,"E09 - Weight, Growth, Feeding & Rations",,,<p>Track growth and plan nutrition using consistent measurements and feed records.</p>,,,1,HerdCommand;R3;Epic
Feature,,F26 - Weight & Growth,,<p>Record weights and visualize growth.</p>,,,2,HerdCommand;R2;Feature
User Story,,,US075 - Record animal weight,"<p><strong>As a</strong> Farm worker, <strong>I want</strong> to record a new weight, <strong>so that</strong> growth can be monitored.</p>","<ul><li>Weight value, date/time and optional method/source are captured.</li><li>Units are displayed consistently according to product configuration.</li><li>Unreasonable values trigger validation or confirmation rather than silent acceptance.</li><li>Latest weight updates the animal summary.</li><li>Where UI is present, Arabic is supported as the default RTL experience and English is supported as LTR.</li></ul>",5,1,HerdCommand;R2;Weight;Animals;Mobile;UI
User Story,,,US076 - Bulk record weights,"<p><strong>As a</strong> Farm worker, <strong>I want</strong> to record weights for multiple animals efficiently, <strong>so that</strong> weighing sessions are faster.</p>","<ul><li>User can work through a selected group/list.</li><li>Each row validates independently.</li><li>Partial progress can be saved safely.</li><li>Recorded weights appear in each animal history.</li><li>Where UI is present, Arabic is supported as the default RTL experience and English is supported as LTR.</li></ul>",8,2,HerdCommand;R2;Weight;Bulk-Actions;Mobile;UI
User Story,,,US077 - View growth chart,"<p><strong>As a</strong> Farm manager, <strong>I want</strong> to visualize an animal’s weight over time, <strong>so that</strong> I can identify growth trends.</p>","<ul><li>Chart plots dated weight measurements in chronological order.</li><li>Data points expose value/date details accessibly.</li><li>No-data and single-point states are handled.</li><li>Chart layout works in Arabic RTL and English LTR.</li><li>Where UI is present, Arabic is supported as the default RTL experience and English is supported as LTR.</li></ul>",5,2,HerdCommand;R2;Weight;Analytics;Charts;UI
User Story,,,US078 - Identify growth exceptions,"<p><strong>As a</strong> Farm manager, <strong>I want</strong> to identify animals outside configured growth expectations, <strong>so that</strong> I can intervene earlier.</p>",<ul><li>Configured thresholds/targets can flag exceptions.</li><li>Exception logic is transparent and not presented as a veterinary diagnosis.</li><li>User can filter/sort the exception list.</li></ul>,5,3,HerdCommand;R2;Weight;Analytics;Alerts
Feature,,F27 - Feed Catalog & Feeding Plans,,<p>Maintain feed items and feeding schedules.</p>,,,2,HerdCommand;R3;Feature
User Story,,,US079 - Manage feed catalog,"<p><strong>As a</strong> Farm manager, <strong>I want</strong> to maintain feed types used by the farm, <strong>so that</strong> feeding and inventory records use consistent items.</p>","<ul><li>Feed item has name, unit and active status.</li><li>Optional nutrition attributes can be stored when configured.</li><li>Inactive feed cannot be selected for new plans.</li><li>Existing history remains readable.</li></ul>",5,2,HerdCommand;R3;Feeding;Reference-Data;Inventory
User Story,,,US080 - Create feeding plan for group,"<p><strong>As a</strong> Farm manager, <strong>I want</strong> to define a feeding plan for a flock/group, <strong>so that</strong> staff know what to feed and when.</p>","<ul><li>Plan targets a group/location and defines feed item, quantity basis and schedule.</li><li>Effective dates are validated.</li><li>Only active feed items are selectable.</li><li>Plan can be paused or ended without deleting history.</li><li>Where UI is present, Arabic is supported as the default RTL experience and English is supported as LTR.</li></ul>",8,1,HerdCommand;R3;Feeding;Flocks;Plans;UI
User Story,,,US081 - Record feed delivery/consumption,"<p><strong>As a</strong> Farm worker, <strong>I want</strong> to record actual feed delivered, <strong>so that</strong> planned and actual feeding can be compared.</p>","<ul><li>User records group/location, feed item, quantity and date/time.</li><li>Inventory can be decremented when configured.</li><li>Record is traceable to the actor.</li><li>Mobile entry minimizes required typing.</li><li>Where UI is present, Arabic is supported as the default RTL experience and English is supported as LTR.</li></ul>",5,2,HerdCommand;R3;Feeding;Inventory;Mobile;UI
Feature,,F28 - Ration Planning,,<p>Calculate and save practical ration mixes.</p>,,,2,HerdCommand;R3;Feature
User Story,,,US082 - Create ration recipe,"<p><strong>As a</strong> Farm manager, <strong>I want</strong> to define a ration from multiple feed ingredients, <strong>so that</strong> feeding plans can reuse consistent mixes.</p>","<ul><li>Recipe supports multiple ingredients and quantities/percentages.</li><li>Total composition is validated according to configured basis.</li><li>Recipe has version/effective status behavior.</li><li>Inactive ingredients are not available for new versions.</li><li>Where UI is present, Arabic is supported as the default RTL experience and English is supported as LTR.</li></ul>",8,2,HerdCommand;R3;Ration;Feeding;UI
User Story,,,US083 - Estimate ration quantities for group,"<p><strong>As a</strong> Farm manager, <strong>I want</strong> to scale a ration for a selected group and period, <strong>so that</strong> I know required feed quantities.</p>","<ul><li>Calculation uses explicit inputs such as group count, daily rate and duration.</li><li>Inputs and calculated totals are visible.</li><li>Rounding rules are consistent.</li><li>Calculation can be used to create a feeding plan without overwriting the recipe.</li></ul>",8,2,HerdCommand;R3;Ration;Calculation;Feeding
Epic,E10 - Inventory & Supplies,,,"<p>Track feed, medicines and operational stock with clear quantity history.</p>",,,1,HerdCommand;R3;Epic
Feature,,F29 - Inventory Catalog,,<p>Maintain stock items and units.</p>,,,2,HerdCommand;R3;Feature
User Story,,,US084 - Create inventory item,"<p><strong>As a</strong> Store manager, <strong>I want</strong> to create a stock item, <strong>so that</strong> inventory movements reference a consistent catalog.</p>","<ul><li>Item includes name, category, unit and active status.</li><li>Optional SKU/batch tracking settings can be configured.</li><li>Duplicate identifiers are prevented where configured.</li><li>Creation is audited.</li><li>Where UI is present, Arabic is supported as the default RTL experience and English is supported as LTR.</li></ul>",5,1,HerdCommand;R3;Inventory;Catalog;Admin;UI
User Story,,,US085 - View inventory list,"<p><strong>As a</strong> Farm manager, <strong>I want</strong> to view stock quantities and status, <strong>so that</strong> I can understand current supply position.</p>","<ul><li>List shows on-hand quantity and low-stock status where configured.</li><li>User can search/filter by category and active status.</li><li>Quantities are calculated from valid stock movements.</li><li>Where UI is present, Arabic is supported as the default RTL experience and English is supported as LTR.</li></ul>",5,1,HerdCommand;R3;Inventory;Web;Mobile;UI
Feature,,F30 - Stock Movements,,"<p>Record receipts, issues, adjustments and consumption.</p>",,,2,HerdCommand;R3;Feature
User Story,,,US086 - Record stock receipt,"<p><strong>As a</strong> Store manager, <strong>I want</strong> to record incoming stock, <strong>so that</strong> on-hand quantity is accurate.</p>","<ul><li>Receipt records item, quantity, date and optional supplier/batch/expiry.</li><li>Quantity must be positive.</li><li>On-hand stock updates after successful save.</li><li>Movement is auditable.</li><li>Where UI is present, Arabic is supported as the default RTL experience and English is supported as LTR.</li></ul>",5,1,HerdCommand;R3;Inventory;Stock;Audit;UI
User Story,,,US087 - Record stock issue or consumption,"<p><strong>As a</strong> Store manager, <strong>I want</strong> to record stock leaving inventory, <strong>so that</strong> on-hand quantity stays accurate.</p>","<ul><li>Issue records item, quantity, date and purpose/reference.</li><li>Insufficient-stock behavior follows configured policy.</li><li>Movement can link to feeding or treatment record.</li><li>On-hand quantity updates consistently.</li><li>Where UI is present, Arabic is supported as the default RTL experience and English is supported as LTR.</li></ul>",5,1,HerdCommand;R3;Inventory;Stock;Feeding;Health;UI
User Story,,,US088 - Record inventory adjustment,"<p><strong>As a</strong> Store manager, <strong>I want</strong> to correct stock after a physical count, <strong>so that</strong> system quantity matches reality.</p>",<ul><li>Adjustment requires reason and actual/adjustment quantity.</li><li>Only authorized roles can adjust stock.</li><li>Before/after values are retained in audit history.</li></ul>,5,2,HerdCommand;R3;Inventory;Stock;Audit;Security
User Story,,,US089 - Receive low-stock alert,"<p><strong>As a</strong> Farm manager, <strong>I want</strong> to be alerted when stock drops below a configured threshold, <strong>so that</strong> I can replenish before running out.</p>",<ul><li>Threshold can be configured per item where enabled.</li><li>Alert is raised only when calculated on-hand crosses the relevant rule.</li><li>Acknowledgement does not change stock quantity.</li><li>Alert links to the inventory item.</li></ul>,5,2,HerdCommand;R3;Inventory;Alerts;Notifications
Feature,,F31 - Suppliers & Basic Purchasing,,<p>Track suppliers and simple purchase records without building full ERP scope.</p>,,,2,HerdCommand;R4;Feature
User Story,,,US090 - Manage supplier directory,"<p><strong>As a</strong> Farm manager, <strong>I want</strong> to maintain supplier contact information, <strong>so that</strong> purchases and inventory records can reference suppliers.</p>","<ul><li>Supplier has name, contact details and active status.</li><li>Deactivated suppliers remain on historical records.</li><li>Duplicate validation is applied to configured identifiers.</li><li>Where UI is present, Arabic is supported as the default RTL experience and English is supported as LTR.</li></ul>",5,3,HerdCommand;R4;Inventory;Suppliers;Finance;UI
User Story,,,US091 - Record purchase,"<p><strong>As a</strong> Accountant, <strong>I want</strong> to record an inventory-related purchase, <strong>so that</strong> costs and receipts are traceable.</p>","<ul><li>Purchase can reference supplier, date, items, quantities and total amount.</li><li>Farm currency is used for monetary fields.</li><li>Receipt/document can be attached.</li><li>Purchase can create stock receipts only through an explicit confirmation step.</li><li>Where UI is present, Arabic is supported as the default RTL experience and English is supported as LTR.</li></ul>",8,3,HerdCommand;R4;Inventory;Finance;Suppliers;UI
Epic,"E11 - Tasks, Notifications & Collaboration",,,<p>Coordinate daily work and surface important events to the right users.</p>,,,1,HerdCommand;R1;Epic
Feature,,F32 - Task Management,,"<p>Create, assign and complete operational tasks.</p>",,,2,HerdCommand;R1;Feature
User Story,,,US092 - Create a task,"<p><strong>As a</strong> Farm manager, <strong>I want</strong> to create an operational task, <strong>so that</strong> work can be tracked to completion.</p>","<ul><li>Task includes title, due date, priority and optional assignee/related record.</li><li>Task can link to animal, group, health or inventory context.</li><li>Creation respects permission rules.</li><li>Task is visible to relevant users.</li><li>Where UI is present, Arabic is supported as the default RTL experience and English is supported as LTR.</li></ul>",5,1,HerdCommand;R1;Tasks;Web;Mobile;UI
User Story,,,US093 - Assign task to team member,"<p><strong>As a</strong> Farm manager, <strong>I want</strong> to assign a task, <strong>so that</strong> responsibility is clear.</p>",<ul><li>Only active eligible users are assignable.</li><li>Assignee receives configured notification.</li><li>Assignment change is audited.</li><li>Unauthorized users cannot assign outside their scope.</li></ul>,5,2,HerdCommand;R1;Tasks;Team;Notifications;Audit
User Story,,,US094 - Complete a task,"<p><strong>As a</strong> Farm worker, <strong>I want</strong> to mark assigned work as complete, <strong>so that</strong> the team sees current progress.</p>","<ul><li>User can complete an eligible task and optionally add completion notes.</li><li>Completion timestamp and user are recorded.</li><li>Completed task leaves active due lists.</li><li>Linked workflow can update only through explicit supported rules.</li><li>Where UI is present, Arabic is supported as the default RTL experience and English is supported as LTR.</li></ul>",3,1,HerdCommand;R1;Tasks;Mobile;UI
User Story,,,US095 - Create recurring task,"<p><strong>As a</strong> Farm manager, <strong>I want</strong> to schedule repeated operational work, <strong>so that</strong> routine activities do not need manual recreation.</p>","<ul><li>Recurrence supports defined supported patterns.</li><li>Future occurrences are generated according to a documented strategy.</li><li>Editing recurrence distinguishes single occurrence vs series where supported.</li><li>Stopping recurrence does not delete completed history.</li><li>Where UI is present, Arabic is supported as the default RTL experience and English is supported as LTR.</li></ul>",8,3,HerdCommand;R1;Tasks;Scheduling;UI
Feature,,F33 - Notification Center,,<p>Provide in-app and push/email notifications with user control.</p>,,,2,HerdCommand;R3;Feature
User Story,,,US096 - View notification center,"<p><strong>As a</strong> Farm user, <strong>I want</strong> to see recent notifications, <strong>so that</strong> I can catch up on important events.</p>","<ul><li>Notifications show type, message, time and read/unread status.</li><li>Opening a notification navigates to the related authorized context.</li><li>Read state can be updated.</li><li>List is localized.</li><li>Where UI is present, Arabic is supported as the default RTL experience and English is supported as LTR.</li></ul>",5,1,HerdCommand;R3;Notifications;Web;Mobile;UI
User Story,,,US097 - Receive mobile push notification,"<p><strong>As a</strong> Farm user, <strong>I want</strong> to receive important alerts on my mobile device, <strong>so that</strong> I can react while away from the desktop.</p>",<ul><li>Push permission is requested appropriately.</li><li>Notification content avoids sensitive detail on lock screen where policy requires.</li><li>Tapping notification deep-links to an authorized screen after authentication if needed.</li><li>Invalid/expired deep links fail safely.</li></ul>,8,2,HerdCommand;R3;Notifications;Mobile;Push;Security
User Story,,,US098 - Configure notification preferences,"<p><strong>As a</strong> Farm user, <strong>I want</strong> to control optional notification categories/channels, <strong>so that</strong> I receive useful alerts without unnecessary noise.</p>","<ul><li>User can manage supported optional channels/categories.</li><li>Mandatory security notifications cannot be disabled if policy requires.</li><li>Preference changes persist per user.</li><li>Default preferences are documented.</li><li>Where UI is present, Arabic is supported as the default RTL experience and English is supported as LTR.</li></ul>",5,3,HerdCommand;R3;Notifications;Settings;UI
Epic,"E12 - Finance, Reports & Analytics",,,<p>Record farm financial activity and provide decision-ready operational reports.</p>,,,1,HerdCommand;R4;Epic
Feature,,F34 - Income & Expense Tracking,,<p>Record financial transactions relevant to farm operations.</p>,,,2,HerdCommand;R4;Feature
User Story,,,US099 - Record expense,"<p><strong>As a</strong> Accountant, <strong>I want</strong> to record a farm expense, <strong>so that</strong> cost reporting is accurate.</p>","<ul><li>Expense records date, category, amount, description and optional supplier/reference.</li><li>Amount uses configured farm currency.</li><li>Attachment can be added where permitted.</li><li>Creation/change is audited.</li><li>Where UI is present, Arabic is supported as the default RTL experience and English is supported as LTR.</li></ul>",5,1,HerdCommand;R4;Finance;Expenses;Audit;UI
User Story,,,US100 - Record income,"<p><strong>As a</strong> Accountant, <strong>I want</strong> to record farm income, <strong>so that</strong> financial reporting includes revenue.</p>","<ul><li>Income records date, category, amount and description/reference.</li><li>Amount uses configured farm currency.</li><li>Transaction can optionally reference animal/group sale context.</li><li>Creation/change is audited.</li><li>Where UI is present, Arabic is supported as the default RTL experience and English is supported as LTR.</li></ul>",5,1,HerdCommand;R4;Finance;Income;Audit;UI
User Story,,,US101 - View finance transaction list,"<p><strong>As a</strong> Accountant, <strong>I want</strong> to search and filter income and expenses, <strong>so that</strong> I can reconcile farm activity.</p>","<ul><li>List supports date range, type and category filters.</li><li>Totals reflect the active filter.</li><li>User can open authorized transaction details.</li><li>Large result sets are paginated/exportable according to permissions.</li><li>Where UI is present, Arabic is supported as the default RTL experience and English is supported as LTR.</li></ul>",5,2,HerdCommand;R4;Finance;Search;Web;UI
Feature,,F35 - Standard Reports,,<p>Deliver reusable operational and financial reports.</p>,,,2,HerdCommand;R4;Feature
User Story,,,US102 - Run herd inventory report,"<p><strong>As a</strong> Farm manager, <strong>I want</strong> a report of animals by key classifications, <strong>so that</strong> I can understand herd composition.</p>","<ul><li>Report supports date/scope where applicable and groups by selected dimensions.</li><li>Counts reconcile with source records.</li><li>Filters are shown in the report context.</li><li>User can drill to underlying animals where supported.</li><li>Where UI is present, Arabic is supported as the default RTL experience and English is supported as LTR.</li></ul>",5,1,HerdCommand;R4;Reports;Animals;Analytics;UI
User Story,,,US103 - Run breeding and reproductive performance report,"<p><strong>As a</strong> Farm manager, <strong>I want</strong> a report of breeding, pregnancy and lambing outcomes, <strong>so that</strong> I can evaluate reproductive operations.</p>",<ul><li>Report uses defined metrics with documented calculation rules.</li><li>Date range and group filters are supported.</li><li>Missing data is not silently treated as zero when semantics differ.</li></ul>,8,2,HerdCommand;R4;Reports;Breeding;Analytics
User Story,,,US104 - Run health and vaccination report,"<p><strong>As a</strong> Veterinarian, <strong>I want</strong> a report of health events and preventive care, <strong>so that</strong> I can review herd health activity.</p>",<ul><li>Report supports health/vaccination category and date filters.</li><li>Upcoming/overdue preventive care can be separated from completed history.</li><li>Access respects health data permissions.</li></ul>,5,2,HerdCommand;R4;Reports;Health;Vaccination
User Story,,,US105 - Run weight and growth report,"<p><strong>As a</strong> Farm manager, <strong>I want</strong> a report of weight trends and exceptions, <strong>so that</strong> I can compare groups and animals.</p>",<ul><li>Report supports date range and group/location filters.</li><li>Metric definitions are consistent with dashboard/chart logic.</li><li>Users can identify animals behind summary values where authorized.</li></ul>,5,2,HerdCommand;R4;Reports;Weight;Analytics
User Story,,,US106 - Run financial summary report,"<p><strong>As a</strong> Farm owner, <strong>I want</strong> to view income, expenses and net result for a period, <strong>so that</strong> I can assess farm financial performance.</p>",<ul><li>Report shows period totals by supported categories.</li><li>Currency and rounding are consistent with farm configuration.</li><li>Totals reconcile with included transactions.</li><li>Access is restricted to authorized finance roles.</li></ul>,8,1,HerdCommand;R4;Reports;Finance;Analytics;Security
Feature,,F36 - Export & Sharing,,<p>Export permitted reports for offline use or stakeholder sharing.</p>,,,2,HerdCommand;R4;Feature
User Story,,,US107 - Export report to PDF,"<p><strong>As a</strong> Farm user, <strong>I want</strong> to export a permitted report to PDF, <strong>so that</strong> I can share a readable fixed-format report.</p>","<ul><li>Export includes report title, generated timestamp and active filters.</li><li>Arabic export renders RTL text correctly.</li><li>PDF does not include data the user cannot access.</li><li>Large exports fail gracefully with a clear message or asynchronous flow.</li></ul>",5,2,HerdCommand;R4;Reports;PDF;Localization
User Story,,,US108 - Export tabular report to spreadsheet,"<p><strong>As a</strong> Farm user, <strong>I want</strong> to export permitted report data to a spreadsheet-compatible file, <strong>so that</strong> I can perform offline analysis.</p>",<ul><li>Export columns match visible/report semantics.</li><li>Date and numeric values remain machine-readable.</li><li>Arabic and English text exports correctly.</li><li>Export respects active filters and permissions.</li></ul>,5,2,HerdCommand;R4;Reports;Export;Data
Epic,"E13 - Mobile, Offline & Sync",,,"<p>Support reliable field work on React Native, including intermittent connectivity.</p>",,,1,HerdCommand;R3;Epic
Feature,,F37 - Mobile Application Shell,,<p>Provide native mobile navigation and core farm workflows.</p>,,,2,HerdCommand;R1;Feature
User Story,,,US109 - Implement mobile navigation shell,"<p><strong>As a</strong> Farm user, <strong>I want</strong> a clear mobile navigation structure, <strong>so that</strong> I can reach common areas quickly.</p>","<ul><li>Primary destinations align with approved mobile information architecture.</li><li>Navigation supports Arabic RTL and English LTR.</li><li>Back behavior follows platform conventions.</li><li>Protected routes require authenticated session.</li><li>Where UI is present, Arabic is supported as the default RTL experience and English is supported as LTR.</li></ul>",8,1,HerdCommand;R1;Mobile;React-Native;Navigation;UI
User Story,,,US110 - Provide mobile home quick actions,"<p><strong>As a</strong> Farm worker, <strong>I want</strong> quick mobile access to field workflows, <strong>so that</strong> I can record activity with minimal taps.</p>","<ul><li>Home exposes permitted quick actions such as scan, weight, treatment and task completion.</li><li>Actions adapt to role and offline availability.</li><li>Touch targets meet accessibility baseline.</li><li>Where UI is present, Arabic is supported as the default RTL experience and English is supported as LTR.</li></ul>",5,2,HerdCommand;R1;Mobile;Productivity;UI
Feature,,F38 - Offline Data Access,,<p>Keep critical field data available during connectivity loss.</p>,,,2,HerdCommand;R3;Feature
User Story,,,US111 - Cache assigned operational data for offline use,"<p><strong>As a</strong> Farm worker, <strong>I want</strong> critical farm and animal data available offline, <strong>so that</strong> I can continue field work with poor connectivity.</p>",<ul><li>Offline dataset scope is explicitly limited to required records.</li><li>Cached data is encrypted or protected according to platform capability and threat model.</li><li>User can see when data was last synchronized.</li><li>Logout clears protected cached data according to security policy.</li></ul>,8,1,HerdCommand;R3;Mobile;Offline;Security;SQLite
User Story,,,US112 - View offline connectivity state,"<p><strong>As a</strong> Farm worker, <strong>I want</strong> to know whether the app is online, offline or syncing, <strong>so that</strong> I understand whether changes are current.</p>","<ul><li>Connectivity/sync state is visible without blocking normal work.</li><li>Offline state does not incorrectly report successful server synchronization.</li><li>Recovering connectivity starts sync according to defined policy.</li><li>Where UI is present, Arabic is supported as the default RTL experience and English is supported as LTR.</li></ul>",5,1,HerdCommand;R3;Mobile;Offline;Sync;UI
Feature,,F39 - Offline Write & Synchronization,,<p>Queue supported changes locally and synchronize them safely.</p>,,,2,HerdCommand;R3;Feature
User Story,,,US113 - Record supported field action while offline,"<p><strong>As a</strong> Farm worker, <strong>I want</strong> to record supported actions without connectivity, <strong>so that</strong> work is not lost in the field.</p>",<ul><li>Supported offline actions are explicitly defined.</li><li>Offline save creates a local pending record with unique client identifier.</li><li>User sees pending sync status.</li><li>Unsupported online-only actions clearly explain the limitation.</li></ul>,8,1,HerdCommand;R3;Mobile;Offline;Sync
User Story,,,US114 - Synchronize queued offline changes,"<p><strong>As a</strong> Farm worker, <strong>I want</strong> pending changes to synchronize when connectivity returns, <strong>so that</strong> server records become current without duplicate submissions.</p>",<ul><li>Sync is idempotent for retried client operations.</li><li>Successfully synced items leave pending state.</li><li>Failed items remain actionable with reason/status.</li><li>Sync can resume after app restart.</li></ul>,13,1,HerdCommand;R3;Mobile;Offline;Sync;Backend
User Story,,,US115 - Resolve sync conflict,"<p><strong>As a</strong> Farm manager, <strong>I want</strong> a safe way to handle conflicting offline and server edits, <strong>so that</strong> valid data is not silently overwritten.</p>",<ul><li>Conflict is detected using version/timestamp strategy for supported entities.</li><li>User is shown meaningful differences for manual-resolution cases.</li><li>Resolution outcome is audited where business data changes.</li><li>System never silently drops a user change.</li></ul>,13,1,HerdCommand;R3;Mobile;Offline;Sync;Conflict;Audit
Feature,,F40 - Mobile Scan Workflows,,<p>Optimize QR/RFID workflows for field operation.</p>,,,2,HerdCommand;R3;Feature
User Story,,,US116 - Scan animal and launch contextual actions,"<p><strong>As a</strong> Farm worker, <strong>I want</strong> to scan an animal then choose a relevant action, <strong>so that</strong> I can move directly from identification to work.</p>","<ul><li>Successful scan opens animal context with permitted quick actions.</li><li>Offline scan works for cached identifiers.</li><li>Actions unavailable offline are clearly marked.</li><li>Where UI is present, Arabic is supported as the default RTL experience and English is supported as LTR.</li></ul>",8,2,HerdCommand;R3;Mobile;QR;RFID;Offline;UI
Epic,"E14 - Administration, Audit & Platform Operations",,,"<p>Operate the platform securely with auditability, observability and production readiness.</p>",,,1,HerdCommand;R5;Epic
Feature,,F41 - Administration Console,,"<p>Provide controlled administration of users, settings and reference data.</p>",,,2,HerdCommand;R4;Feature
User Story,,,US117 - View team administration dashboard,"<p><strong>As a</strong> Farm administrator, <strong>I want</strong> to review active/invited/deactivated team members, <strong>so that</strong> I can manage access centrally.</p>","<ul><li>Dashboard separates active, invited and deactivated users.</li><li>Role and last relevant access status are shown where permitted.</li><li>Admin actions are available only to authorized users.</li><li>Where UI is present, Arabic is supported as the default RTL experience and English is supported as LTR.</li></ul>",5,2,HerdCommand;R4;Admin;Team;RBAC;UI
User Story,,,US118 - Manage application settings,"<p><strong>As a</strong> Farm administrator, <strong>I want</strong> to manage supported farm-level application settings, <strong>so that</strong> behavior can be configured without code changes.</p>",<ul><li>Only approved settings are exposed.</li><li>Values are validated before save.</li><li>Security-sensitive changes require elevated permission and audit.</li><li>Settings have safe defaults.</li></ul>,8,2,HerdCommand;R4;Admin;Settings;Configuration;Audit
Feature,,F42 - Audit Trail,,<p>Create a trustworthy history for sensitive business changes.</p>,,,2,HerdCommand;R4;Feature
User Story,,,US119 - Audit sensitive create/update/delete actions,"<p><strong>As a</strong> Farm administrator, <strong>I want</strong> sensitive changes to be traceable, <strong>so that</strong> I can investigate who changed what and when.</p>","<ul><li>Audit records actor, timestamp, action and target identifier.</li><li>Before/after values are captured only for approved non-secret fields.</li><li>Audit records are append-only to normal application users.</li><li>Access to audit views is restricted.</li></ul>",8,1,HerdCommand;R4;Audit;Security;Backend
User Story,,,US120 - Search audit log,"<p><strong>As a</strong> Farm administrator, <strong>I want</strong> to search audit history, <strong>so that</strong> I can investigate incidents and changes.</p>","<ul><li>Authorized user can filter by date, actor, action and target type.</li><li>Results are paginated.</li><li>Audit search does not expose secrets or hidden sensitive fields.</li><li>Where UI is present, Arabic is supported as the default RTL experience and English is supported as LTR.</li></ul>",5,3,HerdCommand;R4;Audit;Admin;Search;UI
Feature,,F43 - Observability & Reliability,,<p>Detect failures and understand platform health.</p>,,,2,HerdCommand;R5;Feature
User Story,,,US121 - Implement structured application logging,"<p><strong>As a</strong> Developer, <strong>I want</strong> structured logs with correlation identifiers, <strong>so that</strong> production issues can be traced across services.</p>","<ul><li>Requests have correlation/trace identifiers.</li><li>Logs avoid passwords, tokens and secrets.</li><li>Log levels are environment configurable.</li><li>Key business failures include safe diagnostic context.</li></ul>",5,1,HerdCommand;R5;Observability;Logging;Security;Backend
User Story,,,US122 - Implement metrics and health checks,"<p><strong>As a</strong> Operator, <strong>I want</strong> service health and core metrics, <strong>so that</strong> I can detect degraded behavior.</p>",<ul><li>Backend exposes protected/appropriate health endpoints.</li><li>Metrics cover request latency/error rate and key infrastructure dependencies.</li><li>Health checks distinguish readiness from liveness where deployment platform supports it.</li></ul>,8,1,HerdCommand;R5;Observability;Metrics;AWS;Backend
User Story,,,US123 - Capture client application errors,"<p><strong>As a</strong> Developer, <strong>I want</strong> web and mobile runtime errors to be observable, <strong>so that</strong> I can prioritize real user failures.</p>",<ul><li>Unhandled errors are captured with release/environment context.</li><li>Personally sensitive values and tokens are excluded.</li><li>Source-map handling does not expose production source publicly.</li></ul>,5,2,HerdCommand;R5;Observability;Web;Mobile;Security
Feature,,F44 - Security Hardening,,<p>Apply production security controls across application and infrastructure.</p>,,,2,HerdCommand;R5;Feature
User Story,,,US124 - Enforce API authorization in Spring Boot,"<p><strong>As a</strong> Security engineer, <strong>I want</strong> every protected API operation to validate authenticated identity and permissions, <strong>so that</strong> UI bypass cannot expose protected data.</p>",<ul><li>Spring Security validates token issuer/audience according to configured policy.</li><li>Endpoint/service authorization is enforced server-side.</li><li>Unauthorized and forbidden responses are distinct and safe.</li><li>Automated tests cover representative role boundaries.</li></ul>,8,1,HerdCommand;R5;Security;Spring-Boot;Keycloak;API
User Story,,,US125 - Implement secure file upload controls,"<p><strong>As a</strong> Security engineer, <strong>I want</strong> uploaded files to be validated and isolated, <strong>so that</strong> malicious files cannot be treated as trusted content.</p>",<ul><li>Allowed type and size rules are enforced server-side.</li><li>Object keys are generated rather than trusted from user filenames.</li><li>Downloads require authorization.</li><li>Executable content is not served inline unless explicitly safe.</li></ul>,8,1,HerdCommand;R5;Security;S3;Files;Backend
User Story,,,US126 - Apply web security headers and CORS policy,"<p><strong>As a</strong> Security engineer, <strong>I want</strong> web/API transport policies to be explicit, <strong>so that</strong> browser-based attack surface is reduced.</p>",<ul><li>CORS allows only required origins/methods/headers.</li><li>Security headers are configured for production.</li><li>HTTPS is required in production.</li><li>Configuration is tested in deployment environment.</li></ul>,5,1,HerdCommand;R5;Security;Web;API;AWS
Feature,,"F45 - Backup, Recovery & Data Retention",,<p>Protect business data and validate recovery procedures.</p>,,,2,HerdCommand;R5;Feature
User Story,,,US127 - Configure PostgreSQL backup and restore process,"<p><strong>As a</strong> Operator, <strong>I want</strong> tested database backups, <strong>so that</strong> farm data can be recovered after failure.</p>",<ul><li>Backup frequency and retention are documented.</li><li>Backups are encrypted according to platform policy.</li><li>Restore procedure is tested in a non-production environment.</li><li>Recovery objectives are documented and approved.</li></ul>,8,1,HerdCommand;R5;Database;PostgreSQL;Backup;AWS
User Story,,,US128 - Define attachment retention and recovery,"<p><strong>As a</strong> Operator, <strong>I want</strong> a retention strategy for object storage, <strong>so that</strong> files remain consistent with business records and recovery needs.</p>",<ul><li>Retention/lifecycle policy is documented.</li><li>Deletion behavior is consistent between metadata and object storage.</li><li>Recovery expectations for accidentally deleted files are documented.</li></ul>,5,2,HerdCommand;R5;S3;Backup;Retention
Feature,,F46 - Performance & Release Readiness,,<p>Validate the product before production release.</p>,,,2,HerdCommand;R5;Feature
User Story,,,US129 - Validate core workflow performance,"<p><strong>As a</strong> Product owner, <strong>I want</strong> core workflows to meet agreed response targets, <strong>so that</strong> the product remains usable at expected scale.</p>",<ul><li>Performance targets are defined for key APIs/pages before testing.</li><li>Representative data volumes are used.</li><li>Slow queries/endpoints are identified and remediated or accepted explicitly.</li><li>Results are recorded for release evidence.</li></ul>,8,1,HerdCommand;R5;Performance;Backend;Web;Database
User Story,,,US130 - Run production readiness review,"<p><strong>As a</strong> Product owner, <strong>I want</strong> a formal release readiness checklist, <strong>so that</strong> known operational risks are visible before go-live.</p>","<ul><li>Security, backup, observability, rollback, migration and support readiness are reviewed.</li><li>Open critical defects block release.</li><li>Known accepted risks have owner and mitigation.</li><li>Go-live decision is recorded.</li></ul>",5,1,HerdCommand;R5;Release;Governance;Production
